<keymap version="1" name="macOS copy" parent="Mac OS X 10.5+">
  <action id="ActivateBookmarksToolWindow" />
  <action id="ActivateCommitToolWindow" />
  <action id="ActivateDebugToolWindow" />
  <action id="ActivateFindToolWindow" />
  <action id="ActivateLogcatToolWindow">
    <keyboard-shortcut first-keystroke="meta 6" />
  </action>
  <action id="ActivateProblemsViewToolWindow" />
  <action id="ActivateProjectToolWindow" />
  <action id="ActivateRunToolWindow" />
  <action id="ActivateStructureToolWindow" />
  <action id="Android.SyncProject" />
  <action id="AndroidConnectDebuggerAction">
    <keyboard-shortcut first-keystroke="shift meta a" />
  </action>
  <action id="Annotate">
    <keyboard-shortcut first-keystroke="ctrl a" />
  </action>
  <action id="Arrangement.Alias.Rule.Match.Condition.Move.Down" />
  <action id="Arrangement.Rule.Group.Condition.Move.Down" />
  <action id="Arrangement.Rule.Group.Condition.Move.Up" />
  <action id="Arrangement.Rule.Match.Condition.Move.Down" />
  <action id="Arrangement.Rule.Match.Condition.Move.Up" />
  <action id="CIDR.Debugger.CopyAddress" />
  <action id="CIDR.Lang.Cpp.GenerateDefinitions" />
  <action id="ChangesView.Revert">
    <keyboard-shortcut first-keystroke="ctrl z" />
  </action>
  <action id="CheckinProject" />
  <action id="CloseAllEditors">
    <keyboard-shortcut first-keystroke="shift meta w" />
  </action>
  <action id="CompareTwoFiles" />
  <action id="CompileDirty" />
  <action id="CopyAbsolutePath" />
  <action id="CopyPaths" />
  <action id="Debug">
    <keyboard-shortcut first-keystroke="shift meta i" />
  </action>
  <action id="Diff.ShowSettingsPopup" />
  <action id="DuplicatesForm.SendToLeft" />
  <action id="DuplicatesForm.SendToRight" />
  <action id="EditSource">
    <keyboard-shortcut first-keystroke="f4" />
  </action>
  <action id="EditorCloneCaretAbove">
    <keyboard-shortcut first-keystroke="alt up" />
  </action>
  <action id="EditorCloneCaretBelow">
    <keyboard-shortcut first-keystroke="alt down" />
  </action>
  <action id="EditorDuplicate">
    <keyboard-shortcut first-keystroke="shift meta d" />
  </action>
  <action id="EditorLineEnd">
    <keyboard-shortcut first-keystroke="meta right" />
  </action>
  <action id="EditorLineEndWithSelection">
    <keyboard-shortcut first-keystroke="shift meta right" />
  </action>
  <action id="EditorLineStart">
    <keyboard-shortcut first-keystroke="meta left" />
  </action>
  <action id="EditorLineStartWithSelection">
    <keyboard-shortcut first-keystroke="shift meta left" />
  </action>
  <action id="EditorSelectWord" />
  <action id="EditorTextEnd">
    <keyboard-shortcut first-keystroke="meta down" />
  </action>
  <action id="EditorTextStart">
    <keyboard-shortcut first-keystroke="meta up" />
  </action>
  <action id="EditorUnSelectWord" />
  <action id="ExternalSystem.ProjectRefreshAction" />
  <action id="FileChooser.GotoHome" />
  <action id="FileChooser.GotoModule" />
  <action id="FileChooser.GotoProject" />
  <action id="FileChooser.TogglePathBar" />
  <action id="FileStructurePopup">
    <keyboard-shortcut first-keystroke="alt r" />
  </action>
  <action id="ForceRunToCursor" />
  <action id="GoToTab1">
    <keyboard-shortcut first-keystroke="meta 1" />
  </action>
  <action id="GoToTab2">
    <keyboard-shortcut first-keystroke="meta 2" />
  </action>
  <action id="GoToTab3">
    <keyboard-shortcut first-keystroke="meta 3" />
  </action>
  <action id="GoToTab4">
    <keyboard-shortcut first-keystroke="meta 4" />
  </action>
  <action id="GoToTab5">
    <keyboard-shortcut first-keystroke="meta 5" />
  </action>
  <action id="GotoAction" />
  <action id="GotoClass">
    <keyboard-shortcut first-keystroke="meta p" />
  </action>
  <action id="GotoFile" />
  <action id="List-selectFirstRow" />
  <action id="List-selectLastRow" />
  <action id="Macro.clear">
    <keyboard-shortcut first-keystroke="shift meta l" />
  </action>
  <action id="MakeGradleProject" />
  <action id="MethodOverloadSwitchDown" />
  <action id="MethodOverloadSwitchUp" />
  <action id="OptimizeImports" />
  <action id="ParameterInfo">
    <keyboard-shortcut first-keystroke="meta back_slash" />
  </action>
  <action id="RecentLocations" />
  <action id="ReformatCode" />
  <action id="RenameElement">
    <keyboard-shortcut first-keystroke="meta #10000a7" />
  </action>
  <action id="Resume">
    <keyboard-shortcut first-keystroke="meta f9" />
  </action>
  <action id="Run">
    <keyboard-shortcut first-keystroke="shift meta o" />
  </action>
  <action id="SelectInProjectView">
    <keyboard-shortcut first-keystroke="shift meta e" />
  </action>
  <action id="ShowBookmarks">
    <keyboard-shortcut first-keystroke="f3" />
  </action>
  <action id="ShowNavBar">
    <keyboard-shortcut first-keystroke="alt home" />
  </action>
  <action id="ShowSearchHistory" />
  <action id="SmartSelect" />
  <action id="Stop">
    <keyboard-shortcut first-keystroke="shift meta c" />
  </action>
  <action id="ToggleBookmark">
    <keyboard-shortcut first-keystroke="meta f3" />
  </action>
  <action id="ToggleLineBreakpoint">
    <keyboard-shortcut first-keystroke="meta 0" />
  </action>
  <action id="UsageView.ShowRecentFindUsages" />
  <action id="WelcomeScreen.CopyProjectPath" />
  <action id="android.deploy.ApplyChanges">
    <keyboard-shortcut first-keystroke="ctrl meta e" />
  </action>
  <action id="android.deploy.CodeSwap">
    <keyboard-shortcut first-keystroke="shift ctrl meta e" />
  </action>
  <action id="android.device.overview.button" />
  <action id="android.device.volume.down.button" />
  <action id="android.emulator.tilt" />
  <action id="org.intellij.plugins.markdown.ui.actions.styling.ToggleCodeSpanAction" />
  <action id="sml.studiobot.custom.transform" />
</keymap>